{
  "addons": [

    {
      "name": "Seren Zip",
      "url": "https://raw.githubusercontent.com/nixgates/nixgates/master/packages/plugin.video.seren/plugin.video.seren-1.6.9.zip"
    },
    {
      "name": "Seren w Repo",
      "url": "https://raw.githubusercontent.com/nixgates/nixgates/master/packages/plugin.video.seren/",
      "repository": "repository.nixgates",
      "repositoryurl": "https://nixgates.github.io/packages/",
      "repositoryxml": "https://raw.githubusercontent.com/nixgates/nixgates/master/packages/addons.xml"
    }
  ]
}