<?xml version="1.0" encoding="UTF-8" standalone="yes"?>
<addon id="repository.alxmrt" name="Alxmrts Repo" version="1.0.0" provider-name="alxmrt">
  <extension point="xbmc.addon.repository" name="Alxmrts Repo">
    <info compressed="false">https://raw.githubusercontent.com/alxmrt/alxmrt/master/packages/addons.xml</info>
    <checksum>https://raw.githubusercontent.com/alxmrt/alxmrt/master/packages/addons.xml.md5</checksum>
    <datadir zip="true">https://raw.githubusercontent.com/alxmrt/alxmrt/master/packages</datadir>
  </extension>
  <extension point="xbmc.addon.metadata">
    <summary>Alxmrts</summary>
    <description>Alxmrts Repository</description>
    <disclaimer></disclaimer>
    <platform>all</platform>
  </extension>
</addon>