<?xml version="1.0" encoding="UTF-8" standalone="yes"?>
<addon id="repository.fsdev" name="FS Dev" version="1.0.1" provider-name="alxmrt">
    <extension point="xbmc.addon.repository" name="FS Dev">
        <dir>
            <info compressed="false">https://raw.githubusercontent.com/alxmrt/fsdev-repo/master/zips/addons.xml</info>
            <checksum>https://raw.githubusercontent.com/alxmrt/fsdev-repo/master/zips/addons.xml.md5</checksum>
            <datadir zip="true">https://raw.githubusercontent.com/alxmrt/fsdev-repo/master/zips/</datadir>
        </dir>
    </extension>
    <extension point="xbmc.addon.metadata">
        <summary>FS Dev</summary>
        <description>FS test repo</description>
        <disclaimer></disclaimer>
        <platform>all</platform>
        <assets>
            <icon>icon.png</icon>
            <fanart>fanart.jpg</fanart>
        </assets>
    </extension>
</addon>